topic_title,categories,is_pm,post,like_count,reply_count,url,created_at
GitHub pages site not appearing in any search engine,GitHub Help|GitHub Pages,No,"Coinmar
Mara Champions 
Registration form LAGOS

Survey monkey link for referring super champions form Nigeria and other countries

https://mara.xyz/me/II5F28",0,0,https://github.community/t/github-pages-site-not-appearing-in-any-search-engine/121028/17,2022-07-08T18:30:45.487Z
CoinMara Champions,GitHub Help|GitHub Pages,No,Continuing the discussion from [GitHub pages site not appearing in any search engine](https://github.community/t/github-pages-site-not-appearing-in-any-search-engine/121028):,0,0,https://github.community/t/coinmara-champions/260680/1,2022-07-08T18:51:45.889Z
